,Country,lockdown
0,23029,2020-04-01
1,13191,2020-04-03
2,13179,2020-04-03
3,60040,NA
4,60020,NA
5,60050,NA
6,60010,NA
7,72011,NA
8,72015,NA
9,72017,NA
10,72019,NA
11,72021,NA
12,72025,NA
13,72029,NA
14,72035,NA
15,72037,NA
16,72039,NA
17,72041,NA
18,72043,NA
19,72045,NA
20,72047,NA
21,72054,NA
22,72055,NA
23,72057,NA
24,72059,NA
25,72061,NA
26,72063,NA
27,72065,NA
28,72067,NA
29,72097,NA
30,72103,NA
31,72073,NA
32,72075,NA
33,72077,NA
34,72079,NA
35,72081,NA
36,72085,NA
37,72091,NA
38,72093,NA
39,72095,NA
40,72099,NA
41,72101,NA
42,72105,NA
43,72107,NA
44,72109,NA
45,72111,NA
46,72113,NA
47,72121,NA
48,72123,NA
49,72125,NA
50,72127,NA
51,72129,NA
52,72133,NA
53,72139,NA
54,72141,NA
55,72143,NA
56,72149,NA
57,72151,NA
58,72153,NA
59,72131,NA
60,72001,NA
61,72007,NA
62,72009,NA
63,78010,NA
64,72013,NA
65,72083,NA
66,72117,NA
67,72005,NA
68,72071,NA
69,72027,NA
70,72051,NA
71,72135,NA
72,72003,NA
73,72049,NA
74,72023,NA
75,72053,NA
76,72147,NA
77,72031,NA
78,78030,NA
79,72115,NA
80,72033,NA
81,72089,NA
82,72069,NA
83,78020,NA
84,72119,NA
85,72087,NA
86,66010,NA
87,69085,NA
88,69110,NA
89,69100,NA
90,69120,NA
91,09003,2020-03-23
92,09013,2020-03-23
93,09015,2020-03-23
94,25019,2020-03-24
95,24023,2020-03-30
96,50027,2020-03-24
97,33019,2020-03-28
98,33001,2020-03-28
99,33005,2020-03-28
100,33017,2020-03-28
101,36123,2020-03-22
102,36003,2020-03-22
103,36007,2020-03-22
104,36009,2020-03-22
105,36015,2020-03-22
106,36017,2020-03-22
107,36023,2020-03-22
108,36025,2020-03-22
109,36037,2020-03-22
110,36041,2020-03-22
111,36049,2020-03-22
112,36051,2020-03-22
113,36053,2020-03-22
114,36057,2020-03-22
115,36067,2020-03-22
116,36069,2020-03-22
117,36071,2020-03-22
118,36077,2020-03-22
119,36079,2020-03-22
120,36087,2020-03-22
121,36095,2020-03-22
122,36097,2020-03-22
123,36099,2020-03-22
124,36101,2020-03-22
125,36105,2020-03-22
126,36107,2020-03-22
127,36109,2020-03-22
128,36121,2020-03-22
129,42001,2020-04-01
130,42003,2020-04-01
131,42005,2020-04-01
132,42007,2020-04-01
133,42009,2020-04-01
134,42013,2020-04-01
135,42015,2020-04-01
136,42019,2020-04-01
137,42021,2020-04-01
138,42023,2020-04-01
139,42031,2020-04-01
140,42033,2020-04-01
141,42037,2020-04-01
142,42039,2020-04-01
143,42041,2020-04-01
144,42043,2020-04-01
145,42047,2020-04-01
146,42053,2020-04-01
147,42055,2020-04-01
148,42057,2020-04-01
149,42059,2020-04-01
150,42061,2020-04-01
151,42063,2020-04-01
152,42065,2020-04-01
153,42067,2020-04-01
154,42069,2020-04-01
155,42071,2020-04-01
156,42073,2020-04-01
157,42075,2020-04-01
158,42079,2020-04-01
159,42083,2020-04-01
160,42085,2020-04-01
161,42087,2020-04-01
162,42093,2020-04-01
163,42099,2020-04-01
164,42103,2020-04-01
165,42105,2020-04-01
166,42107,2020-04-01
167,42109,2020-04-01
168,42111,2020-04-01
169,42113,2020-04-01
170,42115,2020-04-01
171,42117,2020-04-01
172,42119,2020-04-01
173,42121,2020-04-01
174,42123,2020-04-01
175,42125,2020-04-01
176,42131,2020-04-01
177,42133,2020-04-01
178,44005,2020-03-28
179,51141,2020-03-30
180,51143,2020-03-30
181,51155,2020-03-30
182,51161,2020-03-30
183,51163,2020-03-30
184,51167,2020-03-30
185,51169,2020-03-30
186,51173,2020-03-30
187,51185,2020-03-30
188,51191,2020-03-30
189,51195,2020-03-30
190,51197,2020-03-30
191,51005,2020-03-30
192,51035,2020-03-30
193,51031,2020-03-30
194,51089,2020-03-30
195,51121,2020-03-30
196,51083,2020-03-30
197,51077,2020-03-30
198,51071,2020-03-30
199,51067,2020-03-30
200,51063,2020-03-30
201,51051,2020-03-30
202,51045,2020-03-30
203,51037,2020-03-30
204,51029,2020-03-30
205,51027,2020-03-30
206,51023,2020-03-30
207,51021,2020-03-30
208,51019,2020-03-30
209,51017,2020-03-30
210,51011,2020-03-30
211,51009,2020-03-30
212,51105,2020-03-30
213,50015,2020-03-24
214,50017,2020-03-24
215,50003,2020-03-24
216,50019,2020-03-24
217,50023,2020-03-24
218,50013,2020-03-24
219,54081,2020-03-24
220,54079,2020-03-24
221,54077,2020-03-24
222,54075,2020-03-24
223,54073,2020-03-24
224,54069,2020-03-24
225,54067,2020-03-24
226,54063,2020-03-24
227,54061,2020-03-24
228,54059,2020-03-24
229,54055,2020-03-24
230,54053,2020-03-24
231,54051,2020-03-24
232,54049,2020-03-24
233,54047,2020-03-24
234,54045,2020-03-24
235,54043,2020-03-24
236,54039,2020-03-24
237,54035,2020-03-24
238,54029,2020-03-24
239,54025,2020-03-24
240,54083,2020-03-24
241,54021,2020-03-24
242,54019,2020-03-24
243,54015,2020-03-24
244,54013,2020-03-24
245,54011,2020-03-24
246,54009,2020-03-24
247,54007,2020-03-24
248,54005,2020-03-24
249,54103,2020-03-24
250,54105,2020-03-24
251,54107,2020-03-24
252,54109,2020-03-24
253,54001,2020-03-24
254,54091,2020-03-24
255,54101,2020-03-24
256,54099,2020-03-24
257,54097,2020-03-24
258,54095,2020-03-24
259,54093,2020-03-24
260,54089,2020-03-24
261,54087,2020-03-24
262,54085,2020-03-24
263,42097,2020-04-01
264,23001,2020-04-01
265,34017,2020-03-21
266,36085,2020-03-22
267,34013,2020-03-21
268,36085,2020-03-22
269,34017,2020-03-21
270,34003,2020-03-21
271,36119,2020-03-22
272,36005,2020-03-22
273,36061,2020-03-22
274,36005,2020-03-22
275,44001,2020-03-28
276,25007,2020-03-24
277,36063,2020-03-22
278,36117,2020-03-22
279,36075,2020-03-22
280,36073,2020-03-22
281,36055,2020-03-22
282,23013,2020-04-01
283,23023,2020-04-01
284,23015,2020-04-01
285,33013,2020-03-28
286,34039,2020-03-21
287,42051,2020-04-01
288,42129,2020-04-01
289,25017,2020-03-24
290,09009,2020-03-23
291,09005,2020-03-23
292,25027,2020-03-24
293,25003,2020-03-24
294,25011,2020-03-24
295,25015,2020-03-24
296,25021,2020-03-24
297,23021,2020-04-01
298,23025,2020-04-01
299,23003,2020-04-01
300,23017,2020-04-01
301,23019,2020-04-01
302,33003,2020-03-28
303,33011,2020-03-28
304,34031,2020-03-21
305,36119,2020-03-22
306,36115,2020-03-22
307,36113,2020-03-22
308,36035,2020-03-22
309,36031,2020-03-22
310,36019,2020-03-22
311,36033,2020-03-22
312,36011,2020-03-22
313,36065,2020-03-22
314,36043,2020-03-22
315,36093,2020-03-22
316,36001,2020-03-22
317,36039,2020-03-22
318,36111,2020-03-22
319,36027,2020-03-22
320,36021,2020-03-22
321,36083,2020-03-22
322,36091,2020-03-22
323,36089,2020-03-22
324,42027,2020-04-01
325,42081,2020-04-01
326,42127,2020-04-01
327,42049,2020-04-01
328,42035,2020-04-01
329,44007,2020-03-28
330,44009,2020-03-28
331,50007,2020-03-24
332,50001,2020-03-24
333,50021,2020-03-24
334,50025,2020-03-24
335,50011,2020-03-24
336,25009,2020-03-24
337,25023,2020-03-24
338,25013,2020-03-24
339,44003,2020-03-28
340,33015,2020-03-28
341,34039,2020-03-21
342,23031,2020-04-01
343,23005,2020-04-01
344,23007,2020-04-01
345,34003,2020-03-21
346,09011,2020-03-23
347,25025,2020-03-24
348,23027,2020-04-01
349,23009,2020-04-01
350,36059,2020-03-22
351,34013,2020-03-21
352,25001,2020-03-24
353,23011,2020-04-01
354,09007,2020-03-23
355,09001,2020-03-23
356,33007,2020-03-28
357,50005,2020-03-24
358,21151,2020-03-26
359,21153,2020-03-26
360,21155,2020-03-26
361,21157,2020-03-26
362,21159,2020-03-26
363,21161,2020-03-26
364,21163,2020-03-26
365,21165,2020-03-26
366,21167,2020-03-26
367,21169,2020-03-26
368,21171,2020-03-26
369,21173,2020-03-26
370,21175,2020-03-26
371,21177,2020-03-26
372,21179,2020-03-26
373,21181,2020-03-26
374,21183,2020-03-26
375,21185,2020-03-26
376,21187,2020-03-26
377,21189,2020-03-26
378,21191,2020-03-26
379,21193,2020-03-26
380,21195,2020-03-26
381,21197,2020-03-26
382,21199,2020-03-26
383,21201,2020-03-26
384,21203,2020-03-26
385,21205,2020-03-26
386,21207,2020-03-26
387,21209,2020-03-26
388,21211,2020-03-26
389,21213,2020-03-26
390,21215,2020-03-26
391,21217,2020-03-26
392,21219,2020-03-26
393,21221,2020-03-26
394,21223,2020-03-26
395,21225,2020-03-26
396,21227,2020-03-26
397,21229,2020-03-26
398,21231,2020-03-26
399,21233,2020-03-26
400,21235,2020-03-26
401,21237,2020-03-26
402,21239,2020-03-26
403,21129,2020-03-26
404,21075,2020-03-26
405,21001,2020-03-26
406,21003,2020-03-26
407,21005,2020-03-26
408,21007,2020-03-26
409,21009,2020-03-26
410,21011,2020-03-26
411,21013,2020-03-26
412,21015,2020-03-26
413,21017,2020-03-26
414,21019,2020-03-26
415,21021,2020-03-26
416,21023,2020-03-26
417,21025,2020-03-26
418,21027,2020-03-26
419,21029,2020-03-26
420,21031,2020-03-26
421,21033,2020-03-26
422,21035,2020-03-26
423,21037,2020-03-26
424,21039,2020-03-26
425,21041,2020-03-26
426,21043,2020-03-26
427,21045,2020-03-26
428,21047,2020-03-26
429,21049,2020-03-26
430,21051,2020-03-26
431,21107,2020-03-26
432,21055,2020-03-26
433,21057,2020-03-26
434,21059,2020-03-26
435,21061,2020-03-26
436,21063,2020-03-26
437,21065,2020-03-26
438,21067,2020-03-26
439,21069,2020-03-26
440,21071,2020-03-26
441,21073,2020-03-26
442,21077,2020-03-26
443,21079,2020-03-26
444,21081,2020-03-26
445,21083,2020-03-26
446,21085,2020-03-26
447,21087,2020-03-26
448,21089,2020-03-26
449,21091,2020-03-26
450,21093,2020-03-26
451,21095,2020-03-26
452,21097,2020-03-26
453,21105,2020-03-26
454,21103,2020-03-26
455,21101,2020-03-26
456,21099,2020-03-26
457,21125,2020-03-26
458,21053,2020-03-26
459,26143,2020-03-24
460,26145,2020-03-24
461,26149,2020-03-24
462,26155,2020-03-24
463,26161,2020-03-24
464,28005,2020-04-03
465,28007,2020-04-03
466,28009,2020-04-03
467,28001,2020-04-03
468,28161,2020-04-03
469,28159,2020-04-03
470,28157,2020-04-03
471,28155,2020-04-03
472,28153,2020-04-03
473,28151,2020-04-03
474,28149,2020-04-03
475,28147,2020-04-03
476,28145,2020-04-03
477,28143,2020-04-03
478,28141,2020-04-03
479,28139,2020-04-03
480,28137,2020-04-03
481,28135,2020-04-03
482,28133,2020-04-03
483,28131,2020-04-03
484,28129,2020-04-03
485,28127,2020-04-03
486,28125,2020-04-03
487,28123,2020-04-03
488,28121,2020-04-03
489,28119,2020-04-03
490,28117,2020-04-03
491,28115,2020-04-03
492,28111,2020-04-03
493,28107,2020-04-03
494,28105,2020-04-03
495,28103,2020-04-03
496,28101,2020-04-03
497,28099,2020-04-03
498,28097,2020-04-03
499,28095,2020-04-03
500,28093,2020-04-03
501,28091,2020-04-03
502,19045,NA
503,19047,NA
504,19049,NA
505,19051,NA
506,19053,NA
507,19197,NA
508,19191,NA
509,19193,NA
510,19195,NA
511,19105,NA
512,19187,NA
513,19189,NA
514,17077,2020-03-21
515,17081,2020-03-21
516,17083,2020-03-21
517,17085,2020-03-21
518,17087,2020-03-21
519,17089,2020-03-21
520,17091,2020-03-21
521,17093,2020-03-21
522,17075,2020-03-21
523,17099,2020-03-21
524,17101,2020-03-21
525,17073,2020-03-21
526,17105,2020-03-21
527,17107,2020-03-21
528,17109,2020-03-21
529,17111,2020-03-21
530,17113,2020-03-21
531,17115,2020-03-21
532,17117,2020-03-21
533,17119,2020-03-21
534,17121,2020-03-21
535,17123,2020-03-21
536,17125,2020-03-21
537,17127,2020-03-21
538,46069,NA
539,46067,NA
540,46065,NA
541,46063,NA
542,46061,NA
543,46059,NA
544,46057,NA
545,46055,NA
546,46053,NA
547,46051,NA
548,46049,NA
549,46045,NA
550,46043,NA
551,46041,NA
552,46039,NA
553,46037,NA
554,46035,NA
555,46031,NA
556,46029,NA
557,46027,NA
558,46025,NA
559,46023,NA
560,46021,NA
561,46017,NA
562,46015,NA
563,46013,NA
564,46011,NA
565,46009,NA
566,46007,NA
567,46005,NA
568,46003,NA
569,46095,NA
570,46019,NA
571,46075,NA
572,46125,NA
573,46127,NA
574,08009,2020-03-26
575,08011,2020-03-26
576,08017,2020-03-26
577,08025,2020-03-26
578,08063,2020-03-26
579,08075,2020-03-26
580,08087,2020-03-26
581,08089,2020-03-26
582,08095,2020-03-26
583,08099,2020-03-26
584,08111,2020-03-26
585,08115,2020-03-26
586,08121,2020-03-26
587,08125,2020-03-26
588,20067,2020-03-30
589,20201,2020-03-30
590,20203,2020-03-30
591,20205,2020-03-30
592,20207,2020-03-30
593,20197,2020-03-30
594,20199,2020-03-30
595,30001,2020-03-28
596,30005,2020-03-28
597,30007,2020-03-28
598,30011,2020-03-28
599,30013,2020-03-28
600,30015,2020-03-28
601,30017,2020-03-28
602,30019,2020-03-28
603,30021,2020-03-28
604,30023,2020-03-28
605,30025,2020-03-28
606,30027,2020-03-28
607,30033,2020-03-28
608,30041,2020-03-28
609,50009,2020-03-24
610,36013,2020-03-22
611,72137,NA
612,72145,NA
613,36103,2020-03-22
614,25005,2020-03-24
615,36081,2020-03-22
616,36081,2020-03-22
617,36047,2020-03-22
618,36045,2020-03-22
619,33009,2020-03-28
620,54041,2020-03-24
621,54033,2020-03-24
622,54017,2020-03-24
623,13317,2020-04-03
624,13315,2020-04-03
625,13313,2020-04-03
626,13311,2020-04-03
627,13309,2020-04-03
628,13307,2020-04-03
629,13305,2020-04-03
630,13303,2020-04-03
631,13301,2020-04-03
632,13299,2020-04-03
633,13295,2020-04-03
634,13291,2020-04-03
635,13289,2020-04-03
636,13287,2020-04-03
637,13285,2020-04-03
638,13283,2020-04-03
639,13281,2020-04-03
640,13279,2020-04-03
641,13277,2020-04-03
642,13275,2020-04-03
643,13273,2020-04-03
644,13271,2020-04-03
645,13267,2020-04-03
646,13265,2020-04-03
647,13263,2020-04-03
648,13261,2020-04-03
649,13259,2020-04-03
650,13257,2020-04-03
651,13255,2020-04-03
652,13251,2020-04-03
653,13249,2020-04-03
654,13247,2020-04-03
655,13245,2020-04-03
656,13243,2020-04-03
657,13241,2020-04-03
658,13237,2020-04-03
659,13235,2020-04-03
660,13233,2020-04-03
661,13231,2020-04-03
662,13229,2020-04-03
663,13227,2020-04-03
664,13225,2020-04-03
665,13223,2020-04-03
666,13221,2020-04-03
667,13219,2020-04-03
668,13217,2020-04-03
669,13215,2020-04-03
670,13091,2020-04-03
671,13093,2020-04-03
672,13095,2020-04-03
673,13097,2020-04-03
674,13099,2020-04-03
675,13101,2020-04-03
676,13105,2020-04-03
677,13107,2020-04-03
678,13111,2020-04-03
679,13113,2020-04-03
680,13115,2020-04-03
681,13117,2020-04-03
682,13119,2020-04-03
683,13123,2020-04-03
684,13125,2020-04-03
685,13129,2020-04-03
686,13131,2020-04-03
687,13133,2020-04-03
688,13135,2020-04-03
689,13137,2020-04-03
690,13139,2020-04-03
691,13141,2020-04-03
692,13143,2020-04-03
693,13145,2020-04-03
694,13147,2020-04-03
695,13149,2020-04-03
696,13151,2020-04-03
697,13153,2020-04-03
698,13155,2020-04-03
699,13157,2020-04-03
700,13063,2020-04-03
701,13163,2020-04-03
702,18163,2020-03-25
703,18161,2020-03-25
704,18159,2020-03-25
705,18157,2020-03-25
706,18155,2020-03-25
707,18153,2020-03-25
708,18151,2020-03-25
709,18149,2020-03-25
710,18147,2020-03-25
711,18145,2020-03-25
712,18143,2020-03-25
713,18141,2020-03-25
714,18139,2020-03-25
715,18175,2020-03-25
716,18135,2020-03-25
717,18133,2020-03-25
718,18131,2020-03-25
719,18129,2020-03-25
720,18127,2020-03-25
721,18125,2020-03-25
722,18123,2020-03-25
723,18121,2020-03-25
724,18119,2020-03-25
725,18117,2020-03-25
726,18115,2020-03-25
727,18113,2020-03-25
728,18111,2020-03-25
729,18109,2020-03-25
730,18107,2020-03-25
731,18105,2020-03-25
732,18103,2020-03-25
733,18101,2020-03-25
734,19163,NA
735,19161,NA
736,19159,NA
737,19157,NA
738,19155,NA
739,19153,NA
740,19151,NA
741,19149,NA
742,19147,NA
743,19145,NA
744,19143,NA
745,19141,NA
746,19139,NA
747,19137,NA
748,19135,NA
749,19133,NA
750,19131,NA
751,19129,NA
752,19127,NA
753,19125,NA
754,19123,NA
755,19121,NA
756,19119,NA
757,19117,NA
758,19115,NA
759,19113,NA
760,19111,NA
761,19109,NA
762,19107,NA
763,19103,NA
764,19101,NA
765,19097,NA
766,51137,2020-03-30
767,51157,2020-03-30
768,51165,2020-03-30
769,51171,2020-03-30
770,51187,2020-03-30
771,51003,2020-03-30
772,51177,2020-03-30
773,51015,2020-03-30
774,51069,2020-03-30
775,51079,2020-03-30
776,51047,2020-03-30
777,51043,2020-03-30
778,51113,2020-03-30
779,51139,2020-03-30
780,54065,2020-03-24
781,54037,2020-03-24
782,54031,2020-03-24
783,54003,2020-03-24
784,24013,2020-03-30
785,24027,2020-03-30
786,51107,2020-03-30
787,51091,2020-03-30
788,54071,2020-03-24
789,51061,2020-03-30
790,24001,2020-03-30
791,54057,2020-03-24
792,54023,2020-03-24
793,51660,2020-03-30
794,51820,2020-03-30
795,51840,2020-03-30
796,51790,2020-03-30
797,13213,2020-04-03
798,13211,2020-04-03
799,13209,2020-04-03
800,13207,2020-04-03
801,13205,2020-04-03
802,13201,2020-04-03
803,13199,2020-04-03
804,13197,2020-04-03
805,13195,2020-04-03
806,13189,2020-04-03
807,13187,2020-04-03
808,13185,2020-04-03
809,13181,2020-04-03
810,13175,2020-04-03
811,13173,2020-04-03
812,13171,2020-04-03
813,13169,2020-04-03
814,13167,2020-04-03
815,13165,2020-04-03
816,13319,2020-04-03
817,13161,2020-04-03
818,13293,2020-04-03
819,13193,2020-04-03
820,13109,2020-04-03
821,13177,2020-04-03
822,13269,2020-04-03
823,13027,2020-04-03
824,13001,2020-04-03
825,13003,2020-04-03
826,13005,2020-04-03
827,13007,2020-04-03
828,13009,2020-04-03
829,13011,2020-04-03
830,13013,2020-04-03
831,13015,2020-04-03
832,13017,2020-04-03
833,13019,2020-04-03
834,13021,2020-04-03
835,13023,2020-04-03
836,13025,2020-04-03
837,13031,2020-04-03
838,13033,2020-04-03
839,13035,2020-04-03
840,13037,2020-04-03
841,13043,2020-04-03
842,13045,2020-04-03
843,13047,2020-04-03
844,13053,2020-04-03
845,13055,2020-04-03
846,13057,2020-04-03
847,13059,2020-04-03
848,13321,2020-04-03
849,13065,2020-04-03
850,13067,2020-04-03
851,13069,2020-04-03
852,13071,2020-04-03
853,13073,2020-04-03
854,13075,2020-04-03
855,13077,2020-04-03
856,13079,2020-04-03
857,13081,2020-04-03
858,13083,2020-04-03
859,13085,2020-04-03
860,13089,2020-04-03
861,26001,2020-03-24
862,26165,2020-03-24
863,26069,2020-03-24
864,26015,2020-03-24
865,26023,2020-03-24
866,26025,2020-03-24
867,26027,2020-03-24
868,26035,2020-03-24
869,26037,2020-03-24
870,26039,2020-03-24
871,26043,2020-03-24
872,26045,2020-03-24
873,26049,2020-03-24
874,26051,2020-03-24
875,26057,2020-03-24
876,26059,2020-03-24
877,26065,2020-03-24
878,26067,2020-03-24
879,26071,2020-03-24
880,26073,2020-03-24
881,26075,2020-03-24
882,26077,2020-03-24
883,26079,2020-03-24
884,26081,2020-03-24
885,26085,2020-03-24
886,26087,2020-03-24
887,26091,2020-03-24
888,26093,2020-03-24
889,26101,2020-03-24
890,26107,2020-03-24
891,26111,2020-03-24
892,26113,2020-03-24
893,26117,2020-03-24
894,26119,2020-03-24
895,26123,2020-03-24
896,26125,2020-03-24
897,26129,2020-03-24
898,26133,2020-03-24
899,26135,2020-03-24
900,26137,2020-03-24
901,37093,2020-03-30
902,37001,2020-03-30
903,37003,2020-03-30
904,37005,2020-03-30
905,37007,2020-03-30
906,37009,2020-03-30
907,37011,2020-03-30
908,37021,2020-03-30
909,37025,2020-03-30
910,37033,2020-03-30
911,37035,2020-03-30
912,37037,2020-03-30
913,37039,2020-03-30
914,37043,2020-03-30
915,37045,2020-03-30
916,37051,2020-03-30
917,37057,2020-03-30
918,37059,2020-03-30
919,37063,2020-03-30
920,37065,2020-03-30
921,37067,2020-03-30
922,37069,2020-03-30
923,37071,2020-03-30
924,37075,2020-03-30
925,37077,2020-03-30
926,37079,2020-03-30
927,37081,2020-03-30
928,37083,2020-03-30
929,37087,2020-03-30
930,37089,2020-03-30
931,37097,2020-03-30
932,37105,2020-03-30
933,37109,2020-03-30
934,37113,2020-03-30
935,37115,2020-03-30
936,37119,2020-03-30
937,37121,2020-03-30
938,37123,2020-03-30
939,37125,2020-03-30
940,37197,2020-03-30
941,37135,2020-03-30
942,37145,2020-03-30
943,37147,2020-03-30
944,37151,2020-03-30
945,37153,2020-03-30
946,37155,2020-03-30
947,37157,2020-03-30
948,37165,2020-03-30
949,37167,2020-03-30
950,37169,2020-03-30
951,37171,2020-03-30
952,37173,2020-03-30
953,37175,2020-03-30
954,37179,2020-03-30
955,37181,2020-03-30
956,37183,2020-03-30
957,37185,2020-03-30
958,37189,2020-03-30
959,37193,2020-03-30
960,37195,2020-03-30
961,37199,2020-03-30
962,37127,2020-03-30
963,37159,2020-03-30
964,39001,2020-03-24
965,39003,2020-03-24
966,39005,2020-03-24
967,39009,2020-03-24
968,39011,2020-03-24
969,39013,2020-03-24
970,39015,2020-03-24
971,39017,2020-03-24
972,39019,2020-03-24
973,39021,2020-03-24
974,39023,2020-03-24
975,39175,2020-03-24
976,39027,2020-03-24
977,39029,2020-03-24
978,39031,2020-03-24
979,39033,2020-03-24
980,39037,2020-03-24
981,39039,2020-03-24
982,39041,2020-03-24
983,39045,2020-03-24
984,39047,2020-03-24
985,39049,2020-03-24
986,39051,2020-03-24
987,39053,2020-03-24
988,39057,2020-03-24
989,39059,2020-03-24
990,39061,2020-03-24
991,39063,2020-03-24
992,39065,2020-03-24
993,39067,2020-03-24
994,39069,2020-03-24
995,39073,2020-03-24
996,39075,2020-03-24
997,39077,2020-03-24
998,39079,2020-03-24
999,39081,2020-03-24
1000,39083,2020-03-24
1001,39087,2020-03-24
1002,39089,2020-03-24
1003,39091,2020-03-24
1004,39093,2020-03-24
1005,39097,2020-03-24
1006,39099,2020-03-24
1007,39101,2020-03-24
1008,39103,2020-03-24
1009,39105,2020-03-24
1010,39107,2020-03-24
1011,39109,2020-03-24
1012,39111,2020-03-24
1013,39113,2020-03-24
1014,39115,2020-03-24
1015,39117,2020-03-24
1016,39119,2020-03-24
1017,39121,2020-03-24
1018,39125,2020-03-24
1019,39127,2020-03-24
1020,39129,2020-03-24
1021,39131,2020-03-24
1022,39133,2020-03-24
1023,39135,2020-03-24
1024,39137,2020-03-24
1025,39139,2020-03-24
1026,39141,2020-03-24
1027,39145,2020-03-24
1028,39147,2020-03-24
1029,39149,2020-03-24
1030,39151,2020-03-24
1031,39153,2020-03-24
1032,39155,2020-03-24
1033,39157,2020-03-24
1034,39159,2020-03-24
1035,39161,2020-03-24
1036,39163,2020-03-24
1037,39165,2020-03-24
1038,39167,2020-03-24
1039,39169,2020-03-24
1040,39171,2020-03-24
1041,39173,2020-03-24
1042,39025,2020-03-24
1043,39071,2020-03-24
1044,45001,2020-04-07
1045,45005,2020-04-07
1046,45007,2020-04-07
1047,45009,2020-04-07
1048,45021,2020-04-07
1049,45023,2020-04-07
1050,45025,2020-04-07
1051,45031,2020-04-07
1052,45037,2020-04-07
1053,45039,2020-04-07
1054,45047,2020-04-07
1055,45055,2020-04-07
1056,45057,2020-04-07
1057,45059,2020-04-07
1058,45061,2020-04-07
1059,45063,2020-04-07
1060,45065,2020-04-07
1061,45069,2020-04-07
1062,45071,2020-04-07
1063,45079,2020-04-07
1064,45081,2020-04-07
1065,45083,2020-04-07
1066,45091,2020-04-07
1067,45087,2020-04-07
1068,45003,2020-04-07
1069,37101,2020-03-30
1070,37107,2020-03-30
1071,37191,2020-03-30
1072,37085,2020-03-30
1073,37163,2020-03-30
1074,37047,2020-03-30
1075,45033,2020-04-07
1076,45067,2020-04-07
1077,45017,2020-04-07
1078,45041,2020-04-07
1079,45085,2020-04-07
1080,45027,2020-04-07
1081,45035,2020-04-07
1082,13103,2020-04-03
1083,45075,2020-04-07
1084,45089,2020-04-07
1085,37055,2020-03-30
1086,37137,2020-03-30
1087,37017,2020-03-30
1088,13087,2020-04-03
1089,13087,2020-04-03
1090,45049,2020-04-07
1091,45019,2020-04-07
1092,45019,2020-04-07
1093,13253,2020-04-03
1094,13253,2020-04-03
1095,39095,2020-03-24
1096,39123,2020-03-24
1097,39055,2020-03-24
1098,13049,2020-04-03
1099,37103,2020-03-30
1100,39085,2020-03-24
1101,39143,2020-03-24
1102,37061,2020-03-30
1103,13239,2020-04-03
1104,13061,2020-04-03
1105,13179,2020-04-03
1106,13121,2020-04-03
1107,37111,2020-03-30
1108,37149,2020-03-30
1109,37161,2020-03-30
1110,37099,2020-03-30
1111,37027,2020-03-30
1112,37023,2020-03-30
1113,39007,2020-03-24
1114,45045,2020-04-07
1115,45073,2020-04-07
1116,45077,2020-04-07
1117,13039,2020-04-03
1118,45015,2020-04-07
1119,45051,2020-04-07
1120,13029,2020-04-03
1121,45029,2020-04-07
1122,13051,2020-04-03
1123,13051,2020-04-03
1124,13183,2020-04-03
1125,39035,2020-03-24
1126,39043,2020-03-24
1127,13127,2020-04-03
1128,13191,2020-04-03
1129,28027,2020-04-03
1130,28025,2020-04-03
1131,28023,2020-04-03
1132,28021,2020-04-03
1133,28019,2020-04-03
1134,28017,2020-04-03
1135,28015,2020-04-03
1136,28013,2020-04-03
1137,28011,2020-04-03
1138,28109,2020-04-03
1139,28003,2020-04-03
1140,28163,2020-04-03
1141,47133,2020-04-01
1142,47135,2020-04-01
1143,01041,2020-04-04
1144,01043,2020-04-04
1145,01045,2020-04-04
1146,01047,2020-04-04
1147,01049,2020-04-04
1148,01051,2020-04-04
1149,01053,2020-04-04
1150,01055,2020-04-04
1151,01057,2020-04-04
1152,01059,2020-04-04
1153,01061,2020-04-04
1154,01063,2020-04-04
1155,01065,2020-04-04
1156,01069,2020-04-04
1157,01073,2020-04-04
1158,01075,2020-04-04
1159,01077,2020-04-04
1160,01079,2020-04-04
1161,01081,2020-04-04
1162,01083,2020-04-04
1163,01085,2020-04-04
1164,01087,2020-04-04
1165,01089,2020-04-04
1166,01091,2020-04-04
1167,01093,2020-04-04
1168,01095,2020-04-04
1169,01099,2020-04-04
1170,01101,2020-04-04
1171,01103,2020-04-04
1172,31049,NA
1173,31051,NA
1174,31053,NA
1175,31055,NA
1176,31057,NA
1177,31059,NA
1178,31061,NA
1179,31063,NA
1180,31065,NA
1181,31067,NA
1182,31069,NA
1183,31071,NA
1184,31073,NA
1185,31075,NA
1186,31077,NA
1187,31079,NA
1188,31081,NA
1189,31083,NA
1190,31085,NA
1191,31087,NA
1192,31089,NA
1193,31091,NA
1194,31093,NA
1195,31095,NA
1196,31097,NA
1197,31099,NA
1198,31101,NA
1199,31103,NA
1200,31105,NA
1201,31107,NA
1202,24025,2020-03-30
1203,24009,2020-03-30
1204,51510,2020-03-30
1205,24510,2020-03-30
1206,24037,2020-03-30
1207,24009,2020-03-30
1208,24003,2020-03-30
1209,24037,2020-03-30
1210,24017,2020-03-30
1211,51099,2020-03-30
1212,51059,2020-03-30
1213,51153,2020-03-30
1214,51179,2020-03-30
1215,24017,2020-03-30
1216,51099,2020-03-30
1217,51179,2020-03-30
1218,51153,2020-03-30
1219,24510,2020-03-30
1220,24033,2020-03-30
1221,51059,2020-03-30
1222,51125,2020-03-30
1223,51127,2020-03-30
1224,51135,2020-03-30
1225,51145,2020-03-30
1226,51147,2020-03-30
1227,51101,2020-03-30
1228,51183,2020-03-30
1229,51085,2020-03-30
1230,47137,2020-04-01
1231,47141,2020-04-01
1232,47143,2020-04-01
1233,47145,2020-04-01
1234,47147,2020-04-01
1235,47149,2020-04-01
1236,47151,2020-04-01
1237,47153,2020-04-01
1238,47157,2020-04-01
1239,47159,2020-04-01
1240,47161,2020-04-01
1241,47163,2020-04-01
1242,47165,2020-04-01
1243,47169,2020-04-01
1244,47171,2020-04-01
1245,47173,2020-04-01
1246,47175,2020-04-01
1247,47177,2020-04-01
1248,47179,2020-04-01
1249,47181,2020-04-01
1250,47183,2020-04-01
1251,47187,2020-04-01
1252,45011,2020-04-07
1253,37049,2020-03-30
1254,13297,2020-04-03
1255,37013,2020-03-30
1256,13029,2020-04-03
1257,45053,2020-04-07
1258,37117,2020-03-30
1259,45043,2020-04-07
1260,45043,2020-04-07
1261,37129,2020-03-30
1262,37019,2020-03-30
1263,37129,2020-03-30
1264,37019,2020-03-30
1265,37031,2020-03-30
1266,37133,2020-03-30
1267,37141,2020-03-30
1268,37141,2020-03-30
1269,37095,2020-03-30
1270,37187,2020-03-30
1271,37177,2020-03-30
1272,01015,2020-04-04
1273,01013,2020-04-04
1274,01011,2020-04-04
1275,01009,2020-04-04
1276,01007,2020-04-04
1277,01005,2020-04-04
1278,01071,2020-04-04
1279,01019,2020-04-04
1280,01021,2020-04-04
1281,01023,2020-04-04
1282,01027,2020-04-04
1283,01029,2020-04-04
1284,17201,2020-03-21
1285,17203,2020-03-21
1286,17063,2020-03-21
1287,17001,2020-03-21
1288,17003,2020-03-21
1289,17005,2020-03-21
1290,17007,2020-03-21
1291,17009,2020-03-21
1292,17011,2020-03-21
1293,17013,2020-03-21
1294,17015,2020-03-21
1295,17017,2020-03-21
1296,17019,2020-03-21
1297,17021,2020-03-21
1298,17023,2020-03-21
1299,17025,2020-03-21
1300,17027,2020-03-21
1301,17029,2020-03-21
1302,17033,2020-03-21
1303,17035,2020-03-21
1304,17037,2020-03-21
1305,17039,2020-03-21
1306,17041,2020-03-21
1307,17043,2020-03-21
1308,17045,2020-03-21
1309,17047,2020-03-21
1310,17049,2020-03-21
1311,17061,2020-03-21
1312,17053,2020-03-21
1313,01031,2020-04-04
1314,01033,2020-04-04
1315,01035,2020-04-04
1316,01037,2020-04-04
1317,01039,2020-04-04
1318,01105,2020-04-04
1319,01107,2020-04-04
1320,01109,2020-04-04
1321,01111,2020-04-04
1322,01113,2020-04-04
1323,01115,2020-04-04
1324,01117,2020-04-04
1325,01119,2020-04-04
1326,01121,2020-04-04
1327,01123,2020-04-04
1328,01125,2020-04-04
1329,01127,2020-04-04
1330,01129,2020-04-04
1331,01131,2020-04-04
1332,01133,2020-04-04
1333,01001,2020-04-04
1334,18171,2020-03-25
1335,18169,2020-03-25
1336,18167,2020-03-25
1337,18165,2020-03-25
1338,18099,2020-03-25
1339,18097,2020-03-25
1340,18095,2020-03-25
1341,18093,2020-03-25
1342,18087,2020-03-25
1343,18085,2020-03-25
1344,18083,2020-03-25
1345,18081,2020-03-25
1346,18079,2020-03-25
1347,18077,2020-03-25
1348,18075,2020-03-25
1349,18071,2020-03-25
1350,18069,2020-03-25
1351,18067,2020-03-25
1352,18065,2020-03-25
1353,18063,2020-03-25
1354,18061,2020-03-25
1355,18059,2020-03-25
1356,18057,2020-03-25
1357,18055,2020-03-25
1358,18053,2020-03-25
1359,18051,2020-03-25
1360,18049,2020-03-25
1361,18047,2020-03-25
1362,18045,2020-03-25
1363,18043,2020-03-25
1364,18001,2020-03-25
1365,18003,2020-03-25
1366,18005,2020-03-25
1367,18007,2020-03-25
1368,18009,2020-03-25
1369,18011,2020-03-25
1370,18013,2020-03-25
1371,18015,2020-03-25
1372,18017,2020-03-25
1373,18019,2020-03-25
1374,18183,2020-03-25
1375,18023,2020-03-25
1376,18025,2020-03-25
1377,18027,2020-03-25
1378,18029,2020-03-25
1379,18031,2020-03-25
1380,18033,2020-03-25
1381,18035,2020-03-25
1382,18037,2020-03-25
1383,18039,2020-03-25
1384,18041,2020-03-25
1385,18177,2020-03-25
1386,18179,2020-03-25
1387,18181,2020-03-25
1388,18021,2020-03-25
1389,18173,2020-03-25
1390,18137,2020-03-25
1391,21111,2020-03-26
1392,21113,2020-03-26
1393,21115,2020-03-26
1394,21117,2020-03-26
1395,21119,2020-03-26
1396,21121,2020-03-26
1397,21123,2020-03-26
1398,21109,2020-03-26
1399,21127,2020-03-26
1400,21131,2020-03-26
1401,21133,2020-03-26
1402,21135,2020-03-26
1403,21137,2020-03-26
1404,21139,2020-03-26
1405,21141,2020-03-26
1406,21143,2020-03-26
1407,21145,2020-03-26
1408,21147,2020-03-26
1409,21149,2020-03-26
1410,28089,2020-04-03
1411,28087,2020-04-03
1412,28085,2020-04-03
1413,28083,2020-04-03
1414,28081,2020-04-03
1415,28079,2020-04-03
1416,28077,2020-04-03
1417,28075,2020-04-03
1418,28073,2020-04-03
1419,28071,2020-04-03
1420,28069,2020-04-03
1421,28067,2020-04-03
1422,28065,2020-04-03
1423,28063,2020-04-03
1424,28057,2020-04-03
1425,28055,2020-04-03
1426,28053,2020-04-03
1427,28051,2020-04-03
1428,28049,2020-04-03
1429,28043,2020-04-03
1430,28041,2020-04-03
1431,28039,2020-04-03
1432,28037,2020-04-03
1433,28033,2020-04-03
1434,28031,2020-04-03
1435,28029,2020-04-03
1436,47189,2020-04-01
1437,47185,2020-04-01
1438,47043,2020-04-01
1439,47105,2020-04-01
1440,47001,2020-04-01
1441,47003,2020-04-01
1442,47005,2020-04-01
1443,47007,2020-04-01
1444,47011,2020-04-01
1445,47013,2020-04-01
1446,47015,2020-04-01
1447,47017,2020-04-01
1448,47021,2020-04-01
1449,47023,2020-04-01
1450,47025,2020-04-01
1451,47027,2020-04-01
1452,47031,2020-04-01
1453,47033,2020-04-01
1454,47035,2020-04-01
1455,47037,2020-04-01
1456,47039,2020-04-01
1457,47041,2020-04-01
1458,47045,2020-04-01
1459,47047,2020-04-01
1460,47049,2020-04-01
1461,47051,2020-04-01
1462,47053,2020-04-01
1463,47055,2020-04-01
1464,47057,2020-04-01
1465,47061,2020-04-01
1466,47063,2020-04-01
1467,47065,2020-04-01
1468,47067,2020-04-01
1469,47069,2020-04-01
1470,47071,2020-04-01
1471,47073,2020-04-01
1472,47075,2020-04-01
1473,47077,2020-04-01
1474,47079,2020-04-01
1475,47081,2020-04-01
1476,47083,2020-04-01
1477,47085,2020-04-01
1478,47087,2020-04-01
1479,47089,2020-04-01
1480,47091,2020-04-01
1481,47093,2020-04-01
1482,47095,2020-04-01
1483,47097,2020-04-01
1484,47099,2020-04-01
1485,38023,NA
1486,38027,NA
1487,38029,NA
1488,38031,NA
1489,38033,NA
1490,38035,NA
1491,38037,NA
1492,38039,NA
1493,38041,NA
1494,38043,NA
1495,38045,NA
1496,38047,NA
1497,38049,NA
1498,38051,NA
1499,38055,NA
1500,38057,NA
1501,38061,NA
1502,38063,NA
1503,38065,NA
1504,38067,NA
1505,38069,NA
1506,38071,NA
1507,38073,NA
1508,38075,NA
1509,38079,NA
1510,38081,NA
1511,38083,NA
1512,38087,NA
1513,38089,NA
1514,38091,NA
1515,38093,NA
1516,38095,NA
1517,38097,NA
1518,34009,2020-03-21
1519,34025,2020-03-21
1520,34001,2020-03-21
1521,34029,2020-03-21
1522,34033,2020-03-21
1523,34011,2020-03-21
1524,24041,2020-03-30
1525,24041,2020-03-30
1526,24029,2020-03-30
1527,24015,2020-03-30
1528,51830,2020-03-30
1529,51710,2020-03-30
1530,51740,2020-03-30
1531,51710,2020-03-30
1532,24035,2020-03-30
1533,08031,2020-03-26
1534,06083,2020-03-19
1535,06083,2020-03-19
1536,06083,2020-03-19
1537,06083,2020-03-19
1538,06083,2020-03-19
1539,06083,2020-03-19
1540,06083,2020-03-19
1541,06083,2020-03-19
1542,06083,2020-03-19
1543,06071,2020-03-19
1544,22101,2020-03-23
1545,47101,2020-04-01
1546,47103,2020-04-01
1547,47107,2020-04-01
1548,47109,2020-04-01
1549,47111,2020-04-01
1550,47113,2020-04-01
1551,47115,2020-04-01
1552,47117,2020-04-01
1553,47167,2020-04-01
1554,47127,2020-04-01
1555,47125,2020-04-01
1556,47121,2020-04-01
1557,47119,2020-04-01
1558,47131,2020-04-01
1559,47129,2020-04-01
1560,28045,2020-04-03
1561,26089,2020-03-24
1562,18089,2020-03-25
1563,18091,2020-03-25
1564,26021,2020-03-24
1565,26159,2020-03-24
1566,26005,2020-03-24
1567,26007,2020-03-24
1568,26151,2020-03-24
1569,26099,2020-03-24
1570,26147,2020-03-24
1571,26053,2020-03-24
1572,01017,2020-04-04
1573,26115,2020-03-24
1574,01025,2020-04-04
1575,28059,2020-04-03
1576,01067,2020-04-04
1577,47123,2020-04-01
1578,47029,2020-04-01
1579,47155,2020-04-01
1580,47019,2020-04-01
1581,47059,2020-04-01
1582,47009,2020-04-01
1583,47139,2020-04-01
1584,01003,2020-04-04
1585,26163,2020-03-24
1586,28047,2020-04-03
1587,26083,2020-03-24
1588,26105,2020-03-24
1589,26127,2020-03-24
1590,26127,2020-03-24
1591,26121,2020-03-24
1592,26121,2020-03-24
1593,26139,2020-03-24
1594,26139,2020-03-24
1595,26013,2020-03-24
1596,26103,2020-03-24
1597,26031,2020-03-24
1598,26029,2020-03-24
1599,26055,2020-03-24
1600,26041,2020-03-24
1601,26095,2020-03-24
1602,26097,2020-03-24
1603,26153,2020-03-24
1604,26141,2020-03-24
1605,26109,2020-03-24
1606,26003,2020-03-24
1607,26131,2020-03-24
1608,26061,2020-03-24
1609,26009,2020-03-24
1610,26011,2020-03-24
1611,26017,2020-03-24
1612,26157,2020-03-24
1613,26063,2020-03-24
1614,26047,2020-03-24
1615,26019,2020-03-24
1616,01097,2020-04-04
1617,26105,2020-03-24
1618,28113,2020-04-03
1619,05003,NA
1620,05005,NA
1621,05007,NA
1622,05001,NA
1623,05011,NA
1624,05013,NA
1625,05015,NA
1626,05017,NA
1627,05019,NA
1628,05021,NA
1629,05023,NA
1630,05025,NA
1631,05027,NA
1632,05029,NA
1633,05031,NA
1634,05033,NA
1635,05035,NA
1636,05037,NA
1637,05039,NA
1638,05041,NA
1639,05043,NA
1640,05045,NA
1641,05047,NA
1642,05049,NA
1643,05051,NA
1644,05053,NA
1645,19185,NA
1646,19183,NA
1647,19181,NA
1648,19179,NA
1649,19177,NA
1650,19175,NA
1651,19173,NA
1652,19171,NA
1653,19169,NA
1654,19167,NA
1655,19165,NA
1656,19095,NA
1657,19093,NA
1658,19091,NA
1659,19089,NA
1660,19087,NA
1661,19085,NA
1662,19083,NA
1663,19081,NA
1664,19079,NA
1665,19077,NA
1666,19075,NA
1667,19073,NA
1668,19071,NA
1669,19069,NA
1670,19067,NA
1671,19065,NA
1672,19063,NA
1673,19061,NA
1674,19059,NA
1675,19057,NA
1676,19055,NA
1677,19001,NA
1678,19003,NA
1679,19005,NA
1680,19007,NA
1681,19009,NA
1682,19011,NA
1683,19013,NA
1684,19015,NA
1685,19017,NA
1686,19019,NA
1687,19021,NA
1688,19023,NA
1689,19025,NA
1690,19027,NA
1691,19029,NA
1692,19031,NA
1693,19033,NA
1694,19035,NA
1695,19037,NA
1696,19039,NA
1697,19041,NA
1698,19043,NA
1699,17129,2020-03-21
1700,17131,2020-03-21
1701,17133,2020-03-21
1702,17135,2020-03-21
1703,17137,2020-03-21
1704,17139,2020-03-21
1705,17141,2020-03-21
1706,17143,2020-03-21
1707,17145,2020-03-21
1708,17147,2020-03-21
1709,17149,2020-03-21
1710,17151,2020-03-21
1711,17153,2020-03-21
1712,17155,2020-03-21
1713,17051,2020-03-21
1714,17157,2020-03-21
1715,17159,2020-03-21
1716,17161,2020-03-21
1717,17163,2020-03-21
1718,17165,2020-03-21
1719,17167,2020-03-21
1720,17169,2020-03-21
1721,17171,2020-03-21
1722,17173,2020-03-21
1723,17175,2020-03-21
1724,17177,2020-03-21
1725,17179,2020-03-21
1726,17181,2020-03-21
1727,17183,2020-03-21
1728,17185,2020-03-21
1729,17187,2020-03-21
1730,17189,2020-03-21
1731,17191,2020-03-21
1732,17193,2020-03-21
1733,17195,2020-03-21
1734,17197,2020-03-21
1735,17199,2020-03-21
1736,17055,2020-03-21
1737,17057,2020-03-21
1738,17059,2020-03-21
1739,17071,2020-03-21
1740,17069,2020-03-21
1741,17067,2020-03-21
1742,17065,2020-03-21
1743,17103,2020-03-21
1744,17095,2020-03-21
1745,27077,2020-03-28
1746,27073,2020-03-28
1747,27003,2020-03-28
1748,27009,2020-03-28
1749,27015,2020-03-28
1750,27137,2020-03-28
1751,27019,2020-03-28
1752,27023,2020-03-28
1753,27025,2020-03-28
1754,27033,2020-03-28
1755,27035,2020-03-28
1756,27037,2020-03-28
1757,27039,2020-03-28
1758,27041,2020-03-28
1759,27043,2020-03-28
1760,27045,2020-03-28
1761,27047,2020-03-28
1762,27049,2020-03-28
1763,27051,2020-03-28
1764,27053,2020-03-28
1765,27055,2020-03-28
1766,27057,2020-03-28
1767,27059,2020-03-28
1768,27063,2020-03-28
1769,27065,2020-03-28
1770,27067,2020-03-28
1771,27069,2020-03-28
1772,27079,2020-03-28
1773,27081,2020-03-28
1774,27083,2020-03-28
1775,27085,2020-03-28
1776,27087,2020-03-28
1777,27091,2020-03-28
1778,27093,2020-03-28
1779,27095,2020-03-28
1780,27097,2020-03-28
1781,27099,2020-03-28
1782,27101,2020-03-28
1783,27103,2020-03-28
1784,27105,2020-03-28
1785,27107,2020-03-28
1786,27109,2020-03-28
1787,27113,2020-03-28
1788,27115,2020-03-28
1789,27117,2020-03-28
1790,27121,2020-03-28
1791,27123,2020-03-28
1792,27125,2020-03-28
1793,27127,2020-03-28
1794,27129,2020-03-28
1795,27131,2020-03-28
1796,27133,2020-03-28
1797,27135,2020-03-28
1798,27139,2020-03-28
1799,27141,2020-03-28
1800,27143,2020-03-28
1801,27145,2020-03-28
1802,27147,2020-03-28
1803,27149,2020-03-28
1804,27151,2020-03-28
1805,27153,2020-03-28
1806,27155,2020-03-28
1807,27157,2020-03-28
1808,27159,2020-03-28
1809,27161,2020-03-28
1810,27163,2020-03-28
1811,27165,2020-03-28
1812,27169,2020-03-28
1813,27171,2020-03-28
1814,27173,2020-03-28
1815,27011,2020-03-28
1816,27013,2020-03-28
1817,29011,2020-04-06
1818,29013,2020-04-06
1819,29015,2020-04-06
1820,29017,2020-04-06
1821,29019,2020-04-06
1822,29021,2020-04-06
1823,29023,2020-04-06
1824,29025,2020-04-06
1825,29027,2020-04-06
1826,29029,2020-04-06
1827,29031,2020-04-06
1828,29033,2020-04-06
1829,29035,2020-04-06
1830,29037,2020-04-06
1831,29039,2020-04-06
1832,29041,2020-04-06
1833,29043,2020-04-06
1834,29045,2020-04-06
1835,29047,2020-04-06
1836,29049,2020-04-06
1837,29051,2020-04-06
1838,29053,2020-04-06
1839,29055,2020-04-06
1840,29061,2020-04-06
1841,29063,2020-04-06
1842,29065,2020-04-06
1843,29067,2020-04-06
1844,29069,2020-04-06
1845,29071,2020-04-06
1846,29073,2020-04-06
1847,29075,2020-04-06
1848,29077,2020-04-06
1849,29079,2020-04-06
1850,29081,2020-04-06
1851,29083,2020-04-06
1852,29085,2020-04-06
1853,29087,2020-04-06
1854,29089,2020-04-06
1855,29091,2020-04-06
1856,29093,2020-04-06
1857,29095,2020-04-06
1858,29099,2020-04-06
1859,29101,2020-04-06
1860,29103,2020-04-06
1861,29105,2020-04-06
1862,29107,2020-04-06
1863,29009,2020-04-06
1864,29111,2020-04-06
1865,29113,2020-04-06
1866,29115,2020-04-06
1867,29117,2020-04-06
1868,29119,2020-04-06
1869,29121,2020-04-06
1870,29123,2020-04-06
1871,29125,2020-04-06
1872,29127,2020-04-06
1873,29129,2020-04-06
1874,29131,2020-04-06
1875,29133,2020-04-06
1876,29135,2020-04-06
1877,29137,2020-04-06
1878,29139,2020-04-06
1879,29141,2020-04-06
1880,29143,2020-04-06
1881,29145,2020-04-06
1882,29147,2020-04-06
1883,29149,2020-04-06
1884,29151,2020-04-06
1885,29153,2020-04-06
1886,29155,2020-04-06
1887,29157,2020-04-06
1888,29159,2020-04-06
1889,29161,2020-04-06
1890,29163,2020-04-06
1891,29165,2020-04-06
1892,29167,2020-04-06
1893,29169,2020-04-06
1894,29171,2020-04-06
1895,29173,2020-04-06
1896,29175,2020-04-06
1897,29177,2020-04-06
1898,29179,2020-04-06
1899,29181,2020-04-06
1900,29183,2020-04-06
1901,29185,2020-04-06
1902,29186,2020-04-06
1903,29187,2020-04-06
1904,29189,2020-04-06
1905,29195,2020-04-06
1906,29197,2020-04-06
1907,29199,2020-04-06
1908,29201,2020-04-06
1909,29203,2020-04-06
1910,29205,2020-04-06
1911,29207,2020-04-06
1912,29209,2020-04-06
1913,29211,2020-04-06
1914,29213,2020-04-06
1915,29215,2020-04-06
1916,29217,2020-04-06
1917,29219,2020-04-06
1918,29221,2020-04-06
1919,29223,2020-04-06
1920,29225,2020-04-06
1921,29227,2020-04-06
1922,29229,2020-04-06
1923,29510,2020-04-06
1924,29057,2020-04-06
1925,29059,2020-04-06
1926,29001,2020-04-06
1927,29003,2020-04-06
1928,29005,2020-04-06
1929,29007,2020-04-06
1930,29109,2020-04-06
1931,55079,2020-03-25
1932,55101,2020-03-25
1933,55001,2020-03-25
1934,55005,2020-03-25
1935,55011,2020-03-25
1936,55013,2020-03-25
1937,55015,2020-03-25
1938,55017,2020-03-25
1939,55019,2020-03-25
1940,55021,2020-03-25
1941,55023,2020-03-25
1942,55025,2020-03-25
1943,55027,2020-03-25
1944,55033,2020-03-25
1945,55035,2020-03-25
1946,55037,2020-03-25
1947,55039,2020-03-25
1948,55041,2020-03-25
1949,55043,2020-03-25
1950,55045,2020-03-25
1951,55047,2020-03-25
1952,55049,2020-03-25
1953,55053,2020-03-25
1954,55055,2020-03-25
1955,55057,2020-03-25
1956,55063,2020-03-25
1957,55065,2020-03-25
1958,55067,2020-03-25
1959,55069,2020-03-25
1960,55073,2020-03-25
1961,55077,2020-03-25
1962,55137,2020-03-25
1963,55078,2020-03-25
1964,55081,2020-03-25
1965,55085,2020-03-25
1966,55087,2020-03-25
1967,55091,2020-03-25
1968,55135,2020-03-25
1969,55133,2020-03-25
1970,55129,2020-03-25
1971,55127,2020-03-25
1972,55125,2020-03-25
1973,55123,2020-03-25
1974,55121,2020-03-25
1975,55119,2020-03-25
1976,55115,2020-03-25
1977,55113,2020-03-25
1978,55111,2020-03-25
1979,55109,2020-03-25
1980,55107,2020-03-25
1981,55105,2020-03-25
1982,55103,2020-03-25
1983,55099,2020-03-25
1984,55097,2020-03-25
1985,55095,2020-03-25
1986,55093,2020-03-25
1987,55139,2020-03-25
1988,55141,2020-03-25
1989,55059,2020-03-25
1990,55131,2020-03-25
1991,17097,2020-03-21
1992,17031,2020-03-21
1993,55071,2020-03-25
1994,55009,2020-03-25
1995,55029,2020-03-25
1996,55061,2020-03-25
1997,27027,2020-03-28
1998,27071,2020-03-28
1999,27075,2020-03-28
2000,27031,2020-03-28
2001,27021,2020-03-28
2002,27001,2020-03-28
2003,27061,2020-03-28
2004,27111,2020-03-28
2005,27005,2020-03-28
2006,27029,2020-03-28
2007,27119,2020-03-28
2008,27089,2020-03-28
2009,55031,2020-03-25
2010,55051,2020-03-25
2011,55007,2020-03-25
2012,55003,2020-03-25
2013,55075,2020-03-25
2014,55083,2020-03-25
2015,55089,2020-03-25
2016,27167,2020-03-28
2017,55117,2020-03-25
2018,12027,2020-04-03
2019,12111,2020-04-03
2020,12051,2020-04-03
2021,12049,2020-04-03
2022,12055,2020-04-03
2023,12097,2020-04-03
2024,12105,2020-04-03
2025,12061,2020-04-03
2026,12093,2020-04-03
2027,12043,2020-04-03
2028,12085,2020-04-03
2029,12087,2020-04-03
2030,12103,2020-04-03
2031,12115,2020-04-03
2032,12115,2020-04-03
2033,12011,2020-04-03
2034,12021,2020-04-03
2035,12086,2020-04-03
2036,12099,2020-04-03
2037,05055,NA
2038,05057,NA
2039,05059,NA
2040,05061,NA
2041,05063,NA
2042,05065,NA
2043,05067,NA
2044,05069,NA
2045,05071,NA
2046,05073,NA
2047,05075,NA
2048,05077,NA
2049,05079,NA
2050,05081,NA
2051,05083,NA
2052,05085,NA
2053,05089,NA
2054,05091,NA
2055,05093,NA
2056,05095,NA
2057,05097,NA
2058,05087,NA
2059,05099,NA
2060,05101,NA
2061,05103,NA
2062,05105,NA
2063,05107,NA
2064,05109,NA
2065,05111,NA
2066,05113,NA
2067,05115,NA
2068,05117,NA
2069,05119,NA
2070,05121,NA
2071,05123,NA
2072,05125,NA
2073,05127,NA
2074,05129,NA
2075,05131,NA
2076,05133,NA
2077,05135,NA
2078,05137,NA
2079,05139,NA
2080,05141,NA
2081,05143,NA
2082,05145,NA
2083,05147,NA
2084,05149,NA
2085,05009,NA
2086,20195,2020-03-30
2087,20193,2020-03-30
2088,20191,2020-03-30
2089,20189,2020-03-30
2090,20187,2020-03-30
2091,20185,2020-03-30
2092,20183,2020-03-30
2093,20181,2020-03-30
2094,20179,2020-03-30
2095,20177,2020-03-30
2096,20175,2020-03-30
2097,20173,2020-03-30
2098,20171,2020-03-30
2099,20169,2020-03-30
2100,20167,2020-03-30
2101,20165,2020-03-30
2102,20163,2020-03-30
2103,20161,2020-03-30
2104,20159,2020-03-30
2105,20157,2020-03-30
2106,20155,2020-03-30
2107,20153,2020-03-30
2108,20151,2020-03-30
2109,20149,2020-03-30
2110,20147,2020-03-30
2111,20145,2020-03-30
2112,20143,2020-03-30
2113,20141,2020-03-30
2114,20139,2020-03-30
2115,20137,2020-03-30
2116,20135,2020-03-30
2117,20133,2020-03-30
2118,20131,2020-03-30
2119,20129,2020-03-30
2120,20127,2020-03-30
2121,20125,2020-03-30
2122,20123,2020-03-30
2123,20121,2020-03-30
2124,20119,2020-03-30
2125,20117,2020-03-30
2126,20115,2020-03-30
2127,20113,2020-03-30
2128,20111,2020-03-30
2129,20109,2020-03-30
2130,20107,2020-03-30
2131,20105,2020-03-30
2132,20103,2020-03-30
2133,20101,2020-03-30
2134,20099,2020-03-30
2135,20097,2020-03-30
2136,20095,2020-03-30
2137,20093,2020-03-30
2138,20091,2020-03-30
2139,20089,2020-03-30
2140,20087,2020-03-30
2141,20085,2020-03-30
2142,20083,2020-03-30
2143,20081,2020-03-30
2144,20079,2020-03-30
2145,20077,2020-03-30
2146,20075,2020-03-30
2147,20073,2020-03-30
2148,20071,2020-03-30
2149,20069,2020-03-30
2150,20209,2020-03-30
2151,20001,2020-03-30
2152,20003,2020-03-30
2153,20005,2020-03-30
2154,20007,2020-03-30
2155,20009,2020-03-30
2156,20011,2020-03-30
2157,20013,2020-03-30
2158,20015,2020-03-30
2159,20017,2020-03-30
2160,20019,2020-03-30
2161,20021,2020-03-30
2162,20023,2020-03-30
2163,20025,2020-03-30
2164,20027,2020-03-30
2165,20029,2020-03-30
2166,20031,2020-03-30
2167,20033,2020-03-30
2168,20035,2020-03-30
2169,20037,2020-03-30
2170,20039,2020-03-30
2171,20041,2020-03-30
2172,20043,2020-03-30
2173,20045,2020-03-30
2174,20047,2020-03-30
2175,20049,2020-03-30
2176,20051,2020-03-30
2177,20053,2020-03-30
2178,20055,2020-03-30
2179,20057,2020-03-30
2180,20059,2020-03-30
2181,20061,2020-03-30
2182,20063,2020-03-30
2183,20065,2020-03-30
2184,38105,NA
2185,38001,NA
2186,38003,NA
2187,38005,NA
2188,38007,NA
2189,38009,NA
2190,38011,NA
2191,38013,NA
2192,38015,NA
2193,38017,NA
2194,38019,NA
2195,38021,NA
2196,38101,NA
2197,38103,NA
2198,38059,NA
2199,31007,NA
2200,31009,NA
2201,31011,NA
2202,31013,NA
2203,31015,NA
2204,31017,NA
2205,31019,NA
2206,31021,NA
2207,31023,NA
2208,31025,NA
2209,31027,NA
2210,31029,NA
2211,31033,NA
2212,31035,NA
2213,31037,NA
2214,31039,NA
2215,31041,NA
2216,31043,NA
2217,31045,NA
2218,31047,NA
2219,31109,NA
2220,31111,NA
2221,31113,NA
2222,31115,NA
2223,31117,NA
2224,31119,NA
2225,31121,NA
2226,31123,NA
2227,31125,NA
2228,31127,NA
2229,31129,NA
2230,31131,NA
2231,31133,NA
2232,31135,NA
2233,31137,NA
2234,31139,NA
2235,31141,NA
2236,31143,NA
2237,31145,NA
2238,31147,NA
2239,31149,NA
2240,31151,NA
2241,31153,NA
2242,31155,NA
2243,31157,NA
2244,31159,NA
2245,31161,NA
2246,31163,NA
2247,31185,NA
2248,31169,NA
2249,31171,NA
2250,31173,NA
2251,31175,NA
2252,31177,NA
2253,31179,NA
2254,31181,NA
2255,31183,NA
2256,31001,NA
2257,31167,NA
2258,31005,NA
2259,31003,NA
2260,46123,NA
2261,46121,NA
2262,46119,NA
2263,46115,NA
2264,46102,NA
2265,46111,NA
2266,46109,NA
2267,46107,NA
2268,46105,NA
2269,46101,NA
2270,46099,NA
2271,46097,NA
2272,46091,NA
2273,46089,NA
2274,46087,NA
2275,46085,NA
2276,46083,NA
2277,46079,NA
2278,46077,NA
2279,46073,NA
2280,46071,NA
2281,46129,NA
2282,46135,NA
2283,46137,NA
2284,22111,2020-03-23
2285,22107,2020-03-23
2286,22097,2020-03-23
2287,22093,2020-03-23
2288,22085,2020-03-23
2289,22083,2020-03-23
2290,22081,2020-03-23
2291,22079,2020-03-23
2292,22073,2020-03-23
2293,22069,2020-03-23
2294,22067,2020-03-23
2295,22061,2020-03-23
2296,22059,2020-03-23
2297,22055,2020-03-23
2298,22049,2020-03-23
2299,22043,2020-03-23
2300,22041,2020-03-23
2301,22039,2020-03-23
2302,22035,2020-03-23
2303,22031,2020-03-23
2304,22029,2020-03-23
2305,22027,2020-03-23
2306,22025,2020-03-23
2307,22021,2020-03-23
2308,22017,2020-03-23
2309,22015,2020-03-23
2310,22013,2020-03-23
2311,22011,2020-03-23
2312,22005,2020-03-23
2313,22003,2020-03-23
2314,22001,2020-03-23
2315,22065,2020-03-23
2316,22095,2020-03-23
2317,22119,2020-03-23
2318,22121,2020-03-23
2319,22123,2020-03-23
2320,22127,2020-03-23
2321,22115,2020-03-23
2322,22089,2020-03-23
2323,22091,2020-03-23
2324,22077,2020-03-23
2325,22037,2020-03-23
2326,22033,2020-03-23
2327,22009,2020-03-23
2328,22063,2020-03-23
2329,22125,2020-03-23
2330,12019,2020-04-03
2331,12013,2020-04-03
2332,12007,2020-04-03
2333,12003,2020-04-03
2334,12001,2020-04-03
2335,12107,2020-04-03
2336,12023,2020-04-03
2337,12109,2020-04-03
2338,12041,2020-04-03
2339,12047,2020-04-03
2340,12067,2020-04-03
2341,12073,2020-04-03
2342,12121,2020-04-03
2343,12125,2020-04-03
2344,12079,2020-04-03
2345,22019,2020-03-23
2346,12083,2020-04-03
2347,22053,2020-03-23
2348,38053,NA
2349,38025,NA
2350,38085,NA
2351,46117,NA
2352,22047,2020-03-23
2353,12063,2020-04-03
2354,12063,2020-04-03
2355,12035,2020-04-03
2356,12045,2020-04-03
2357,22113,2020-03-23
2358,22045,2020-03-23
2359,22103,2020-03-23
2360,22071,2020-03-23
2361,38077,NA
2362,12059,2020-04-03
2363,38099,NA
2364,31165,NA
2365,31031,NA
2366,46093,NA
2367,46103,NA
2368,46081,NA
2369,46033,NA
2370,46047,NA
2371,22057,2020-03-23
2372,22051,2020-03-23
2373,22075,2020-03-23
2374,22007,2020-03-23
2375,22099,2020-03-23
2376,22109,2020-03-23
2377,12091,2020-04-03
2378,12113,2020-04-03
2379,12033,2020-04-03
2380,12039,2020-04-03
2381,22023,2020-03-23
2382,12045,2020-04-03
2383,12037,2020-04-03
2384,22117,2020-03-23
2385,22087,2020-03-23
2386,22105,2020-03-23
2387,12031,2020-04-03
2388,12089,2020-04-03
2389,12131,2020-04-03
2390,12117,2020-04-03
2391,12095,2020-04-03
2392,12119,2020-04-03
2393,12069,2020-04-03
2394,12009,2020-04-03
2395,12127,2020-04-03
2396,12071,2020-04-03
2397,12071,2020-04-03
2398,12015,2020-04-03
2399,12015,2020-04-03
2400,12087,2020-04-03
2401,12087,2020-04-03
2402,12087,2020-04-03
2403,12133,2020-04-03
2404,12005,2020-04-03
2405,12131,2020-04-03
2406,48127,2020-04-02
2407,48131,2020-04-02
2408,48215,2020-04-02
2409,48247,2020-04-02
2410,48249,2020-04-02
2411,48283,2020-04-02
2412,48311,2020-04-02
2413,48427,2020-04-02
2414,48479,2020-04-02
2415,48505,2020-04-02
2416,48047,2020-04-02
2417,48025,2020-04-02
2418,48061,2020-04-02
2419,48273,2020-04-02
2420,48355,2020-04-02
2421,30043,2020-03-28
2422,30045,2020-03-28
2423,30051,2020-03-28
2424,30055,2020-03-28
2425,30057,2020-03-28
2426,30059,2020-03-28
2427,30061,2020-03-28
2428,30065,2020-03-28
2429,30069,2020-03-28
2430,30075,2020-03-28
2431,30079,2020-03-28
2432,30083,2020-03-28
2433,30091,2020-03-28
2434,30093,2020-03-28
2435,30101,2020-03-28
2436,30103,2020-03-28
2437,30109,2020-03-28
2438,30111,2020-03-28
2439,35028,2020-03-24
2440,40011,NA
2441,40013,NA
2442,40015,NA
2443,40017,NA
2444,40019,NA
2445,40021,NA
2446,40023,NA
2447,40025,NA
2448,40027,NA
2449,40029,NA
2450,40031,NA
2451,40033,NA
2452,40035,NA
2453,40037,NA
2454,40039,NA
2455,40041,NA
2456,40043,NA
2457,40045,NA
2458,40047,NA
2459,40049,NA
2460,40051,NA
2461,40053,NA
2462,40055,NA
2463,40057,NA
2464,40059,NA
2465,40061,NA
2466,40063,NA
2467,40065,NA
2468,40067,NA
2469,40069,NA
2470,40071,NA
2471,40073,NA
2472,40075,NA
2473,40153,NA
2474,40079,NA
2475,40081,NA
2476,40083,NA
2477,40085,NA
2478,40087,NA
2479,40089,NA
2480,40091,NA
2481,40093,NA
2482,40095,NA
2483,40097,NA
2484,40099,NA
2485,40101,NA
2486,40103,NA
2487,40105,NA
2488,40107,NA
2489,40109,NA
2490,40111,NA
2491,40113,NA
2492,40115,NA
2493,40117,NA
2494,40119,NA
2495,40121,NA
2496,40123,NA
2497,40125,NA
2498,40127,NA
2499,40129,NA
2500,40131,NA
2501,40133,NA
2502,40135,NA
2503,40137,NA
2504,40139,NA
2505,40141,NA
2506,40143,NA
2507,40145,NA
2508,40147,NA
2509,40149,NA
2510,40151,NA
2511,40077,NA
2512,40001,NA
2513,40003,NA
2514,40005,NA
2515,40007,NA
2516,40009,NA
2517,48105,2020-04-02
2518,48107,2020-04-02
2519,48111,2020-04-02
2520,48113,2020-04-02
2521,48115,2020-04-02
2522,48117,2020-04-02
2523,48119,2020-04-02
2524,48121,2020-04-02
2525,48123,2020-04-02
2526,48125,2020-04-02
2527,48129,2020-04-02
2528,48133,2020-04-02
2529,48135,2020-04-02
2530,48137,2020-04-02
2531,48139,2020-04-02
2532,48143,2020-04-02
2533,48145,2020-04-02
2534,48147,2020-04-02
2535,48149,2020-04-02
2536,48151,2020-04-02
2537,48153,2020-04-02
2538,48155,2020-04-02
2539,48157,2020-04-02
2540,48159,2020-04-02
2541,48161,2020-04-02
2542,48165,2020-04-02
2543,48169,2020-04-02
2544,48171,2020-04-02
2545,48173,2020-04-02
2546,48177,2020-04-02
2547,48179,2020-04-02
2548,48181,2020-04-02
2549,48183,2020-04-02
2550,48185,2020-04-02
2551,48187,2020-04-02
2552,48189,2020-04-02
2553,48191,2020-04-02
2554,48193,2020-04-02
2555,48195,2020-04-02
2556,48197,2020-04-02
2557,48199,2020-04-02
2558,48203,2020-04-02
2559,48205,2020-04-02
2560,48207,2020-04-02
2561,48209,2020-04-02
2562,48211,2020-04-02
2563,48213,2020-04-02
2564,48217,2020-04-02
2565,48219,2020-04-02
2566,48221,2020-04-02
2567,48223,2020-04-02
2568,48225,2020-04-02
2569,48227,2020-04-02
2570,48231,2020-04-02
2571,48233,2020-04-02
2572,48235,2020-04-02
2573,48237,2020-04-02
2574,48251,2020-04-02
2575,48253,2020-04-02
2576,48257,2020-04-02
2577,48259,2020-04-02
2578,48263,2020-04-02
2579,48265,2020-04-02
2580,48267,2020-04-02
2581,48269,2020-04-02
2582,48271,2020-04-02
2583,48275,2020-04-02
2584,48277,2020-04-02
2585,48279,2020-04-02
2586,48281,2020-04-02
2587,48285,2020-04-02
2588,48287,2020-04-02
2589,48289,2020-04-02
2590,48291,2020-04-02
2591,48293,2020-04-02
2592,48295,2020-04-02
2593,48299,2020-04-02
2594,48301,2020-04-02
2595,48303,2020-04-02
2596,48305,2020-04-02
2597,48307,2020-04-02
2598,48309,2020-04-02
2599,48313,2020-04-02
2600,48315,2020-04-02
2601,48317,2020-04-02
2602,48319,2020-04-02
2603,48325,2020-04-02
2604,48327,2020-04-02
2605,48329,2020-04-02
2606,48331,2020-04-02
2607,48333,2020-04-02
2608,48335,2020-04-02
2609,48337,2020-04-02
2610,48339,2020-04-02
2611,48341,2020-04-02
2612,48343,2020-04-02
2613,48345,2020-04-02
2614,48347,2020-04-02
2615,48349,2020-04-02
2616,48351,2020-04-02
2617,48353,2020-04-02
2618,48357,2020-04-02
2619,48359,2020-04-02
2620,48363,2020-04-02
2621,48365,2020-04-02
2622,48103,2020-04-02
2623,48369,2020-04-02
2624,48371,2020-04-02
2625,48373,2020-04-02
2626,48375,2020-04-02
2627,48379,2020-04-02
2628,48381,2020-04-02
2629,48383,2020-04-02
2630,48385,2020-04-02
2631,48387,2020-04-02
2632,48393,2020-04-02
2633,48395,2020-04-02
2634,48397,2020-04-02
2635,48399,2020-04-02
2636,48401,2020-04-02
2637,48403,2020-04-02
2638,48405,2020-04-02
2639,48407,2020-04-02
2640,48411,2020-04-02
2641,48413,2020-04-02
2642,48415,2020-04-02
2643,48417,2020-04-02
2644,48419,2020-04-02
2645,48421,2020-04-02
2646,48423,2020-04-02
2647,48425,2020-04-02
2648,48429,2020-04-02
2649,48431,2020-04-02
2650,48433,2020-04-02
2651,48435,2020-04-02
2652,48437,2020-04-02
2653,48439,2020-04-02
2654,48441,2020-04-02
2655,48443,2020-04-02
2656,48445,2020-04-02
2657,48447,2020-04-02
2658,48449,2020-04-02
2659,48451,2020-04-02
2660,48453,2020-04-02
2661,48455,2020-04-02
2662,48457,2020-04-02
2663,48459,2020-04-02
2664,48461,2020-04-02
2665,48463,2020-04-02
2666,48465,2020-04-02
2667,48467,2020-04-02
2668,48471,2020-04-02
2669,48473,2020-04-02
2670,48475,2020-04-02
2671,48477,2020-04-02
2672,48481,2020-04-02
2673,48483,2020-04-02
2674,48485,2020-04-02
2675,48487,2020-04-02
2676,48491,2020-04-02
2677,48493,2020-04-02
2678,48495,2020-04-02
2679,48497,2020-04-02
2680,48499,2020-04-02
2681,48501,2020-04-02
2682,48503,2020-04-02
2683,48087,2020-04-02
2684,48085,2020-04-02
2685,48083,2020-04-02
2686,48081,2020-04-02
2687,48079,2020-04-02
2688,48077,2020-04-02
2689,48075,2020-04-02
2690,48073,2020-04-02
2691,48069,2020-04-02
2692,48067,2020-04-02
2693,48065,2020-04-02
2694,48063,2020-04-02
2695,48059,2020-04-02
2696,48055,2020-04-02
2697,48053,2020-04-02
2698,48051,2020-04-02
2699,48049,2020-04-02
2700,48045,2020-04-02
2701,48041,2020-04-02
2702,48037,2020-04-02
2703,48035,2020-04-02
2704,48033,2020-04-02
2705,48031,2020-04-02
2706,48029,2020-04-02
2707,48027,2020-04-02
2708,48023,2020-04-02
2709,48021,2020-04-02
2710,48019,2020-04-02
2711,48017,2020-04-02
2712,48015,2020-04-02
2713,48011,2020-04-02
2714,48009,2020-04-02
2715,48005,2020-04-02
2716,48003,2020-04-02
2717,48001,2020-04-02
2718,48089,2020-04-02
2719,48245,2020-04-02
2720,48091,2020-04-02
2721,48093,2020-04-02
2722,48095,2020-04-02
2723,48097,2020-04-02
2724,48099,2020-04-02
2725,48101,2020-04-02
2726,48367,2020-04-02
2727,56015,NA
2728,56027,NA
2729,56041,NA
2730,48361,2020-04-02
2731,30053,2020-03-28
2732,48039,2020-04-02
2733,48071,2020-04-02
2734,48167,2020-04-02
2735,08085,2020-03-26
2736,08113,2020-03-26
2737,08051,2020-03-26
2738,08005,2020-03-26
2739,08123,2020-03-26
2740,08039,2020-03-26
2741,08093,2020-03-26
2742,08019,2020-03-26
2743,08001,2020-03-26
2744,08073,2020-03-26
2745,08049,2020-03-26
2746,08059,2020-03-26
2747,08053,2020-03-26
2748,08091,2020-03-26
2749,08007,2020-03-26
2750,08029,2020-03-26
2751,08077,2020-03-26
2752,08037,2020-03-26
2753,08033,2020-03-26
2754,08083,2020-03-26
2755,08107,2020-03-26
2756,08117,2020-03-26
2757,08081,2020-03-26
2758,08069,2020-03-26
2759,08057,2020-03-26
2760,08035,2020-03-26
2761,08067,2020-03-26
2762,08013,2020-03-26
2763,08119,2020-03-26
2764,08027,2020-03-26
2765,08101,2020-03-26
2766,08055,2020-03-26
2767,08079,2020-03-26
2768,08021,2020-03-26
2769,08065,2020-03-26
2770,08109,2020-03-26
2771,08043,2020-03-26
2772,08003,2020-03-26
2773,08015,2020-03-26
2774,08105,2020-03-26
2775,08041,2020-03-26
2776,08023,2020-03-26
2777,08061,2020-03-26
2778,08014,2020-03-26
2779,08071,2020-03-26
2780,08045,2020-03-26
2781,08047,2020-03-26
2782,08103,2020-03-26
2783,08097,2020-03-26
2784,16043,2020-03-25
2785,30097,2020-03-28
2786,30095,2020-03-28
2787,30077,2020-03-28
2788,30099,2020-03-28
2789,30067,2020-03-28
2790,30031,2020-03-28
2791,30063,2020-03-28
2792,30039,2020-03-28
2793,30037,2020-03-28
2794,30107,2020-03-28
2795,30009,2020-03-28
2796,30047,2020-03-28
2797,30089,2020-03-28
2798,30029,2020-03-28
2799,30035,2020-03-28
2800,30073,2020-03-28
2801,30049,2020-03-28
2802,30081,2020-03-28
2803,30071,2020-03-28
2804,30003,2020-03-28
2805,30087,2020-03-28
2806,30085,2020-03-28
2807,30105,2020-03-28
2808,35043,2020-03-24
2809,35049,2020-03-24
2810,35039,2020-03-24
2811,35053,2020-03-24
2812,35057,2020-03-24
2813,35061,2020-03-24
2814,35001,2020-03-24
2815,35006,2020-03-24
2816,35059,2020-03-24
2817,35045,2020-03-24
2818,35027,2020-03-24
2819,35003,2020-03-24
2820,35051,2020-03-24
2821,48389,2020-04-02
2822,48109,2020-04-02
2823,48043,2020-04-02
2824,48243,2020-04-02
2825,48377,2020-04-02
2826,49047,2020-03-27
2827,56013,NA
2828,56037,NA
2829,56025,NA
2830,56023,NA
2831,56039,NA
2832,56035,NA
2833,56029,NA
2834,56017,NA
2835,56043,NA
2836,56019,NA
2837,56003,NA
2838,56045,NA
2839,56011,NA
2840,56007,NA
2841,56001,NA
2842,56009,NA
2843,56005,NA
2844,56021,NA
2845,56033,NA
2846,35031,2020-03-24
2847,35055,2020-03-24
2848,56031,NA
2849,48163,2020-04-02
2850,48175,2020-04-02
2851,48255,2020-04-02
2852,48297,2020-04-02
2853,48323,2020-04-02
2854,48507,2020-04-02
2855,48013,2020-04-02
2856,48469,2020-04-02
2857,48007,2020-04-02
2858,48409,2020-04-02
2859,48391,2020-04-02
2860,48201,2020-04-02
2861,48201,2020-04-02
2862,48141,2020-04-02
2863,48229,2020-04-02
2864,06031,2020-03-19
2865,06099,2020-03-19
2866,06113,2020-03-19
2867,16001,2020-03-25
2868,16007,2020-03-25
2869,16017,2020-03-25
2870,16021,2020-03-25
2871,16027,2020-03-25
2872,16029,2020-03-25
2873,16033,2020-03-25
2874,16047,2020-03-25
2875,16053,2020-03-25
2876,16061,2020-03-25
2877,16067,2020-03-25
2878,16071,2020-03-25
2879,16075,2020-03-25
2880,16079,2020-03-25
2881,16081,2020-03-25
2882,35009,2020-03-24
2883,35011,2020-03-24
2884,35019,2020-03-24
2885,35021,2020-03-24
2886,35029,2020-03-24
2887,35037,2020-03-24
2888,35041,2020-03-24
2889,32001,2020-03-31
2890,32009,2020-03-31
2891,32013,2020-03-31
2892,32021,2020-03-31
2893,32029,2020-03-31
2894,32027,2020-03-31
2895,41025,2020-03-23
2896,41001,2020-03-23
2897,49043,2020-03-27
2898,49033,2020-03-27
2899,49031,2020-03-27
2900,53039,2020-03-23
2901,53019,2020-03-23
2902,53021,2020-03-23
2903,53051,2020-03-23
2904,53065,2020-03-23
2905,53075,2020-03-23
2906,06051,2020-03-19
2907,16063,2020-03-25
2908,16051,2020-03-25
2909,16085,2020-03-25
2910,16015,2020-03-25
2911,04003,2020-03-31
2912,04023,2020-03-31
2913,04009,2020-03-31
2914,41017,2020-03-23
2915,41031,2020-03-23
2916,04007,2020-03-31
2917,04013,2020-03-31
2918,04012,2020-03-31
2919,04019,2020-03-31
2920,04021,2020-03-31
2921,04027,2020-03-31
2922,04015,2020-03-31
2923,04025,2020-03-31
2924,04005,2020-03-31
2925,04017,2020-03-31
2926,04001,2020-03-31
2927,06053,2020-03-19
2928,06041,2020-03-19
2929,06023,2020-03-19
2930,06091,2020-03-19
2931,06073,2020-03-19
2932,06065,2020-03-19
2933,06025,2020-03-19
2934,06019,2020-03-19
2935,06037,2020-03-19
2936,06111,2020-03-19
2937,06029,2020-03-19
2938,06069,2020-03-19
2939,06047,2020-03-19
2940,06109,2020-03-19
2941,06043,2020-03-19
2942,06039,2020-03-19
2943,06107,2020-03-19
2944,06057,2020-03-19
2945,06003,2020-03-19
2946,06011,2020-03-19
2947,06063,2020-03-19
2948,06077,2020-03-19
2949,06101,2020-03-19
2950,06035,2020-03-19
2951,06093,2020-03-19
2952,06033,2020-03-19
2953,06105,2020-03-19
2954,06049,2020-03-19
2955,06085,2020-03-19
2956,06001,2020-03-19
2957,06055,2020-03-19
2958,06017,2020-03-19
2959,06061,2020-03-19
2960,06115,2020-03-19
2961,06005,2020-03-19
2962,06009,2020-03-19
2963,06089,2020-03-19
2964,06021,2020-03-19
2965,06103,2020-03-19
2966,06007,2020-03-19
2967,06027,2020-03-19
2968,16073,2020-03-25
2969,16011,2020-03-25
2970,16049,2020-03-25
2971,16035,2020-03-25
2972,16069,2020-03-25
2973,16009,2020-03-25
2974,16057,2020-03-25
2975,16055,2020-03-25
2976,16059,2020-03-25
2977,16023,2020-03-25
2978,16019,2020-03-25
2979,16077,2020-03-25
2980,16039,2020-03-25
2981,16025,2020-03-25
2982,16087,2020-03-25
2983,16045,2020-03-25
2984,16083,2020-03-25
2985,16031,2020-03-25
2986,16005,2020-03-25
2987,16013,2020-03-25
2988,16065,2020-03-25
2989,16041,2020-03-25
2990,16003,2020-03-25
2991,35005,2020-03-24
2992,35025,2020-03-24
2993,35047,2020-03-24
2994,35007,2020-03-24
2995,35033,2020-03-24
2996,35035,2020-03-24
2997,35017,2020-03-24
2998,35023,2020-03-24
2999,35013,2020-03-24
3000,35015,2020-03-24
3001,32007,2020-03-31
3002,32033,2020-03-31
3003,32003,2020-03-31
3004,32005,2020-03-31
3005,32031,2020-03-31
3006,32019,2020-03-31
3007,32510,2020-03-31
3008,32023,2020-03-31
3009,32017,2020-03-31
3010,32011,2020-03-31
3011,32015,2020-03-31
3012,41045,2020-03-23
3013,41061,2020-03-23
3014,41069,2020-03-23
3015,41039,2020-03-23
3016,41057,2020-03-23
3017,41007,2020-03-23
3018,41009,2020-03-23
3019,41067,2020-03-23
3020,41071,2020-03-23
3021,41047,2020-03-23
3022,41043,2020-03-23
3023,41027,2020-03-23
3024,41053,2020-03-23
3025,41003,2020-03-23
3026,41029,2020-03-23
3027,41033,2020-03-23
3028,41035,2020-03-23
3029,41013,2020-03-23
3030,41037,2020-03-23
3031,41049,2020-03-23
3032,41023,2020-03-23
3033,41063,2020-03-23
3034,41059,2020-03-23
3035,49037,2020-03-27
3036,49019,2020-03-27
3037,53023,2020-03-23
3038,53059,2020-03-23
3039,53013,2020-03-23
3040,53063,2020-03-23
3041,53015,2020-03-23
3042,53069,2020-03-23
3043,53047,2020-03-23
3044,53017,2020-03-23
3045,53003,2020-03-23
3046,53037,2020-03-23
3047,53043,2020-03-23
3048,53025,2020-03-23
3049,53007,2020-03-23
3050,53001,2020-03-23
3051,53071,2020-03-23
3052,49053,2020-03-27
3053,49021,2020-03-27
3054,49025,2020-03-27
3055,49001,2020-03-27
3056,49017,2020-03-27
3057,49055,2020-03-27
3058,49041,2020-03-27
3059,49007,2020-03-27
3060,49015,2020-03-27
3061,49027,2020-03-27
3062,49023,2020-03-27
3063,49039,2020-03-27
3064,49045,2020-03-27
3065,49049,2020-03-27
3066,49057,2020-03-27
3067,49011,2020-03-27
3068,49013,2020-03-27
3069,49051,2020-03-27
3070,49005,2020-03-27
3071,49029,2020-03-27
3072,53011,2020-03-23
3073,41051,2020-03-23
3074,41005,2020-03-23
3075,41021,2020-03-23
3076,41055,2020-03-23
3077,41065,2020-03-23
3078,16037,2020-03-25
3079,04011,2020-03-31
3080,06095,2020-03-19
3081,06013,2020-03-19
3082,06087,2020-03-19
3083,06097,2020-03-19
3084,06045,2020-03-19
3085,41011,2020-03-23
3086,41041,2020-03-23
3087,53035,2020-03-23
3088,06081,2020-03-19
3089,06075,2020-03-19
3090,53029,2020-03-23
3091,53049,2020-03-23
3092,53077,2020-03-23
3093,53067,2020-03-23
3094,53041,2020-03-23
3095,53061,2020-03-23
3096,53073,2020-03-23
3097,53045,2020-03-23
3098,53027,2020-03-23
3099,53057,2020-03-23
3100,53053,2020-03-23
3101,53033,2020-03-23
3102,53031,2020-03-23
3103,06079,2020-03-19
3104,06067,2020-03-19
3105,53009,2020-03-23
3106,06015,2020-03-19
3107,51530,2020-03-30
3108,51590,2020-03-30
3109,51678,2020-03-30
3110,51720,2020-03-30
3111,51775,2020-03-30
3112,51770,2020-03-30
3113,51690,2020-03-30
3114,51640,2020-03-30
3115,51680,2020-03-30
3116,51580,2020-03-30
3117,51520,2020-03-30
3118,51750,2020-03-30
3119,27017,2020-03-28
3120,53005,2020-03-23
3121,49009,2020-03-27
3122,53055,2020-03-23
3123,49003,2020-03-27
3124,49035,2020-03-27
3125,06059,2020-03-19
3126,12103,2020-04-03
3127,12129,2020-04-03
3128,12065,2020-04-03
3129,12123,2020-04-03
3130,12029,2020-04-03
3131,12075,2020-04-03
3132,12075,2020-04-03
3133,12017,2020-04-03
3134,12017,2020-04-03
3135,12053,2020-04-03
3136,12101,2020-04-03
3137,12081,2020-04-03
3138,12081,2020-04-03
3139,12057,2020-04-03
3140,12057,2020-04-03
3141,12037,2020-04-03
3142,12077,2020-04-03
3143,48321,2020-04-02
3144,45053,2020-04-07
3145,48241,2020-04-02
3146,28061,2020-04-03
3147,13159,2020-04-03
3148,29097,2020-04-06
3149,17079,2020-03-21
3150,18073,2020-03-25
3151,19099,NA
3152,12129,2020-04-03
3153,27007,2020-03-28
3154,28035,2020-04-03
3155,45013,2020-04-07
3156,45013,2020-04-07
3157,24021,2020-03-30
3158,24031,2020-03-30
3159,24043,2020-03-30
3160,51610,2020-03-30
3161,51600,2020-03-30
3162,51540,2020-03-30
3163,51685,2020-03-30
3164,51683,2020-03-30
3165,51630,2020-03-30
3166,51013,2020-03-30
3167,24025,2020-03-30
3168,24005,2020-03-30
3169,11001,2020-04-01
3170,24033,2020-03-30
3171,24005,2020-03-30
3172,24003,2020-03-30
3173,37091,2020-03-30
3174,37073,2020-03-30
3175,37131,2020-03-30
3176,51175,2020-03-30
3177,51041,2020-03-30
3178,51081,2020-03-30
3179,51087,2020-03-30
3180,51075,2020-03-30
3181,51065,2020-03-30
3182,51053,2020-03-30
3183,51049,2020-03-30
3184,51033,2020-03-30
3185,51025,2020-03-30
3186,51007,2020-03-30
3187,51036,2020-03-30
3188,51159,2020-03-30
3189,51109,2020-03-30
3190,51111,2020-03-30
3191,51117,2020-03-30
3192,51036,2020-03-30
3193,51057,2020-03-30
3194,51159,2020-03-30
3195,51057,2020-03-30
3196,37091,2020-03-30
3197,37015,2020-03-30
3198,51730,2020-03-30
3199,51760,2020-03-30
3200,51570,2020-03-30
3201,51670,2020-03-30
3202,24047,2020-03-30
3203,24047,2020-03-30
3204,37041,2020-03-30
3205,37139,2020-03-30
3206,37015,2020-03-30
3207,37143,2020-03-30
3208,51095,2020-03-30
3209,51710,2020-03-30
3210,37029,2020-03-30
3211,51800,2020-03-30
3212,51550,2020-03-30
3213,51133,2020-03-30
3214,51115,2020-03-30
3215,51115,2020-03-30
3216,51103,2020-03-30
3217,51133,2020-03-30
3218,51073,2020-03-30
3219,51095,2020-03-30
3220,51650,2020-03-30
3221,51800,2020-03-30
3222,51810,2020-03-30
3223,51119,2020-03-30
3224,51119,2020-03-30
3225,51073,2020-03-30
3226,51181,2020-03-30
3227,51093,2020-03-30
3228,37053,2020-03-30
3229,51103,2020-03-30
3230,51181,2020-03-30
3231,37053,2020-03-30
3232,37029,2020-03-30
3233,37139,2020-03-30
3234,37143,2020-03-30
3235,37041,2020-03-30
3236,51735,2020-03-30
3237,51199,2020-03-30
3238,51740,2020-03-30
3239,51650,2020-03-30
3240,51700,2020-03-30
3241,51735,2020-03-30
3242,24039,2020-03-30
3243,51097,2020-03-30
3244,24019,2020-03-30
3245,24045,2020-03-30
3246,24019,2020-03-30
3247,51193,2020-03-30
3248,51193,2020-03-30
3249,24045,2020-03-30
3250,54027,2020-03-24
3251,51149,2020-03-30
3252,51620,2020-03-30
3253,51595,2020-03-30
3254,51131,2020-03-30
3255,24039,2020-03-30
3256,34041,2020-03-21
3257,34007,2020-03-21
3258,34019,2020-03-21
3259,34021,2020-03-21
3260,34027,2020-03-21
3261,34035,2020-03-21
3262,34037,2020-03-21
3263,42011,2020-04-01
3264,42017,2020-04-01
3265,42077,2020-04-01
3266,42089,2020-04-01
3267,42091,2020-04-01
3268,42101,2020-04-01
3269,42025,2020-04-01
3270,42045,2020-04-01
3271,34015,2020-03-21
3272,42095,2020-04-01
3273,42029,2020-04-01
3274,24011,2020-03-30
3275,10003,2020-03-24
3276,24015,2020-03-30
3277,24029,2020-03-30
3278,10001,2020-03-24
3279,34023,2020-03-21
3280,10005,2020-03-24
3281,34005,2020-03-21
3282,24035,2020-03-30
3283,41019,2020-03-23
3284,48057,2020-04-02
3285,48239,2020-04-02
3286,15007,2020-03-25
3287,15007,2020-03-25
3288,15009,2020-03-25
3289,15009,2020-03-25
3290,15009,2020-03-25
3291,15009,2020-03-25
3292,15001,2020-03-25
3293,15003,2020-03-25
3294,51001,2020-03-30
3295,02013,2020-03-28
3296,02016,2020-03-28
3297,02164,2020-03-28
3298,02068,2020-03-28
3299,02290,2020-03-28
3300,02180,2020-03-28
3301,02158,2020-03-28
3302,02050,2020-03-28
3303,02090,2020-03-28
3304,02240,2020-03-28
3305,02170,2020-03-28
3306,02020,2020-03-28
3307,02070,2020-03-28
3308,02122,2020-03-28
3309,02188,2020-03-28
3310,02185,2020-03-28
3311,02060,2020-03-28
3312,02150,2020-03-28
3313,02282,2020-03-28
3314,02105,2020-03-28
3315,02100,2020-03-28
3316,02110,2020-03-28
3317,02220,2020-03-28
3318,02130,2020-03-28
3319,02198,2020-03-28
3320,02275,2020-03-28
3321,02195,2020-03-28
3322,02230,2020-03-28
3323,02261,2020-03-28
3324,36029,2020-03-22
3325,36061,2020-03-22
3326,51199,2020-03-30
3327,48261,2020-04-02
3328,48489,2020-04-02
3329,26033,2020-03-24
3330,41015,2020-03-23
3331,17999,2020-03-21